{
  "ents_f": 86.0472840953,
  "ents_p": 86.2528888715,
  "ents_r": 85.8426572063,
  "las": 87.3061458932,
  "tags_acc": 95.7721518987,
  "token_acc": 100.0,
  "uas": 90.972621099
}